{
  "home": {
    "headline": {
      "en": "Aadhaar Update Assistance",
      "hi": "आधार अपडेट सहायता"
    },
    "intro": {
      "en": "This application helps citizens understand Aadhaar update procedures, benefits, government schemes, and locate official Aadhaar centres easily.",
      "hi": "यह एप्लिकेशन नागरिकों को आधार अपडेट प्रक्रिया, लाभ, सरकारी योजनाओं और आधिकारिक आधार केंद्र खोजने में सहायता करता है।"
    }
  },

  "update_steps": {
    "title": {
      "en": "How to Update Aadhaar",
      "hi": "आधार कैसे अपडेट करें"
    },
    "steps": [
      {
        "en": "Visit the official UIDAI website for online address updates.",
        "hi": "पते के ऑनलाइन अपडेट के लिए UIDAI की आधिकारिक वेबसाइट पर जाएं।"
      },
      {
        "en": "For biometric updates, visit the nearest Aadhaar Seva Kendra.",
        "hi": "बायोमेट्रिक अपडेट के लिए नजदीकी आधार सेवा केंद्र जाएं।"
      },
      {
        "en": "Carry valid identity and address proof documents.",
        "hi": "वैध पहचान और पते के प्रमाण दस्तावेज़ साथ रखें।"
      },
      {
        "en": "Keep the acknowledgment slip safely after update.",
        "hi": "अपडेट के बाद प्राप्त पावती पर्ची सुरक्षित रखें।"
      }
    ],
    "documents": {
      "en": [
        "Aadhaar Card",
        "PAN Card / Voter ID / Passport",
        "Electricity Bill / Bank Passbook / Ration Card",
        "Mobile number linked with Aadhaar"
      ],
      "hi": [
        "आधार कार्ड",
        "पैन कार्ड / वोटर आईडी / पासपोर्ट",
        "बिजली बिल / बैंक पासबुक / राशन कार्ड",
        "आधार से लिंक मोबाइल नंबर"
      ]
    }
  },

  "benefits": {
    "title": {
      "en": "Why Aadhaar is Important",
      "hi": "आधार क्यों महत्वपूर्ण है"
    },
    "points": [
      {
        "en": "Mandatory for most government welfare schemes.",
        "hi": "अधिकांश सरकारी कल्याण योजनाओं के लिए अनिवार्य।"
      },
      {
        "en": "Enables Direct Benefit Transfer (DBT).",
        "hi": "डायरेक्ट बेनिफिट ट्रांसफर (DBT) संभव बनाता है।"
      },
      {
        "en": "Prevents identity fraud and duplication.",
        "hi": "पहचान धोखाधड़ी और डुप्लीकेशन रोकता है।"
      },
      {
        "en": "Required for banking, SIM, and subsidies.",
        "hi": "बैंकिंग, सिम और सब्सिडी के लिए आवश्यक।"
      }
    ]
  },

  "schemes": {
    "title": {
      "en": "Aadhaar-Linked Government Schemes & Services",
      "hi": "आधार से जुड़ी सरकारी योजनाएं और सेवाएं"
    },
    "list": [
      { "name": { "en": "Public Distribution System (Ration)", "hi": "सार्वजनिक वितरण प्रणाली (राशन)" } },
      { "name": { "en": "LPG Subsidy (PAHAL)", "hi": "एलपीजी सब्सिडी (पहल)" } },
      { "name": { "en": "PM Jan Dhan Yojana", "hi": "प्रधानमंत्री जन धन योजना" } },
      { "name": { "en": "Ayushman Bharat (PM-JAY)", "hi": "आयुष्मान भारत योजना" } },
      { "name": { "en": "National Scholarship Portal", "hi": "राष्ट्रीय छात्रवृत्ति पोर्टल" } },
      { "name": { "en": "MGNREGA Wage Payments", "hi": "मनरेगा मजदूरी भुगतान" } },
      { "name": { "en": "Old Age / Widow Pension", "hi": "वृद्धावस्था / विधवा पेंशन" } },
      { "name": { "en": "Bank Account & Mobile SIM KYC", "hi": "बैंक खाता और मोबाइल सिम केवाईसी" } }
    ]
  },

  "faq": {
    "en": [
      {
        "question": "Why should I update my Aadhaar?",
        "answer": "Incorrect Aadhaar details may lead to rejection of benefits."
      },
      {
        "question": "Can Aadhaar be updated online?",
        "answer": "Address updates can be done online; biometrics require centre visit."
      }
    ],
    "hi": [
      {
        "question": "आधार अपडेट क्यों जरूरी है?",
        "answer": "गलत जानकारी से सरकारी लाभ रुक सकते हैं।"
      },
      {
        "question": "क्या आधार ऑनलाइन अपडेट हो सकता है?",
        "answer": "पता ऑनलाइन, बायोमेट्रिक केंद्र पर अपडेट होता है।"
      }
    ]
  },

  "centers": [
    {
      "state": { "en": "Arunachal Pradesh", "hi": "अरुणाचल प्रदेश" },
      "districts": [
        {
          "name": { "en": "Anjaw", "hi": "अंजॉ" },
          "locations": [
            { "en": "ADES Anjaw, Hawai – 792104", "hi": "एडीईएस अंजॉ, हवाई – 792104" },
            { "en": "ADC Office Hayuliang – 792104", "hi": "एडीसी कार्यालय हयुलियांग – 792104" }
          ]
        },
        {
          "name": { "en": "Changlang", "hi": "चांगलांग" },
          "locations": [
            { "en": "IPPB Aadhaar Centre, Namsai – 792103", "hi": "आईपीपीबी आधार केंद्र, नामसाई – 792103" },
            { "en": "ADC Office Bordumsa – 792056", "hi": "एडीसी कार्यालय बोर्डुमसा – 792056" }
          ]
        },
        {
          "name": { "en": "East Kameng", "hi": "पूर्व कामेंग" },
          "locations": [
            { "en": "ADC Office Seijosa – 790103", "hi": "एडीसी कार्यालय सेइजोसा – 790103" },
            { "en": "ADES Seppa – 790102", "hi": "एडीईएस सेप्पा – 790102" }
          ]
        },
        {
          "name": { "en": "Lower Dibang Valley", "hi": "निचला दिबांग घाटी" },
          "locations": [
            { "en": "DC Office Roing – 792110", "hi": "डीसी कार्यालय रोइंग – 792110" },
            { "en": "India Post Roing – 792110", "hi": "इंडिया पोस्ट रोइंग – 792110" }
          ]
        }
      ]
    },

    {
      "state": { "en": "Ladakh (UT)", "hi": "लद्दाख" },
      "districts": [
        {
          "name": { "en": "Leh", "hi": "लेह" },
          "locations": [
            { "en": "ASK Leh (SNM Hospital) – 194101", "hi": "आधार सेवा केंद्र लेह (एसएनएम अस्पताल) – 194101" },
            { "en": "IPPB Chuchot Shamma – 194104", "hi": "आईपीपीबी चुचोट शम्मा – 194104" }
          ]
        }
      ]
    },

    {
      "state": { "en": "Manipur", "hi": "मणिपुर" },
      "districts": [
        {
          "name": { "en": "Imphal West", "hi": "इम्फाल पश्चिम" },
          "locations": [
            { "en": "Imphal Municipal Council – 795001", "hi": "इम्फाल नगर परिषद – 795001" },
            { "en": "India Post Imphal HPO – 795001", "hi": "इंडिया पोस्ट इम्फाल एचपीओ – 795001" }
          ]
        },
        {
          "name": { "en": "Imphal East", "hi": "इम्फाल पूर्व" },
          "locations": [
            { "en": "Mantripukhri Post Office – 795002", "hi": "मंत्रिपुखरी डाकघर – 795002" }
          ]
        },
        {
          "name": { "en": "Churachandpur", "hi": "चुराचांदपुर" },
          "locations": [
            { "en": "Lamka Aadhaar PEC", "hi": "लामका आधार पीईसी" }
          ]
        }
      ]
    },

    {
      "state": { "en": "Nagaland", "hi": "नागालैंड" },
      "districts": [
        {
          "name": { "en": "Kohima", "hi": "कोहिमा" },
          "locations": [
            { "en": "DC Office Kohima", "hi": "डीसी कार्यालय कोहिमा" }
          ]
        }
      ]
    }
  ]
}
